Series Code,Country Code,Year,Value
http://datadock.io/datadocktestorg/worldbank/id/resource/SeriesDefinitions.csv/indicator/SP.POP.TOTL,http://datadock.io/datadocktestorg/worldbank/id/resource/CountryName.csv/country_code/AFG,2009,28004331
http://datadock.io/datadocktestorg/worldbank/id/resource/SeriesDefinitions.csv/indicator/SP.POP.TOTL,http://datadock.io/datadocktestorg/worldbank/id/resource/CountryName.csv/country_code/ALB,2009,2927519
http://datadock.io/datadocktestorg/worldbank/id/resource/SeriesDefinitions.csv/indicator/SP.POP.TOTL,http://datadock.io/datadocktestorg/worldbank/id/resource/CountryName.csv/country_code/DZA,2009,35465760
http://datadock.io/datadocktestorg/worldbank/id/resource/SeriesDefinitions.csv/indicator/SP.POP.TOTL,http://datadock.io/datadocktestorg/worldbank/id/resource/CountryName.csv/country_code/ASM,2009,56227
http://datadock.io/datadocktestorg/worldbank/id/resource/SeriesDefinitions.csv/indicator/SP.POP.TOTL,http://datadock.io/datadocktestorg/worldbank/id/resource/CountryName.csv/country_code/AND,2009,84462
http://datadock.io/datadocktestorg/worldbank/id/resource/SeriesDefinitions.csv/indicator/SP.POP.TOTL,http://datadock.io/datadocktestorg/worldbank/id/resource/CountryName.csv/country_code/AGO,2009,22549547
http://datadock.io/datadocktestorg/worldbank/id/resource/SeriesDefinitions.csv/indicator/SP.POP.TOTL,http://datadock.io/datadocktestorg/worldbank/id/resource/CountryName.csv/country_code/ATG,2009,93581
http://datadock.io/datadocktestorg/worldbank/id/resource/SeriesDefinitions.csv/indicator/SP.POP.TOTL,http://datadock.io/datadocktestorg/worldbank/id/resource/CountryName.csv/country_code/ARG,2009,40799407
http://datadock.io/datadocktestorg/worldbank/id/resource/SeriesDefinitions.csv/indicator/SP.POP.TOTL,http://datadock.io/datadocktestorg/worldbank/id/resource/CountryName.csv/country_code/ARM,2009,2888584
http://datadock.io/datadocktestorg/worldbank/id/resource/SeriesDefinitions.csv/indicator/SP.POP.TOTL,http://datadock.io/datadocktestorg/worldbank/id/resource/CountryName.csv/country_code/ABW,2009,101453
http://datadock.io/datadocktestorg/worldbank/id/resource/SeriesDefinitions.csv/indicator/SP.POP.TOTL,http://datadock.io/datadocktestorg/worldbank/id/resource/CountryName.csv/country_code/AUS,2009,21691700
http://datadock.io/datadocktestorg/worldbank/id/resource/SeriesDefinitions.csv/indicator/SP.POP.TOTL,http://datadock.io/datadocktestorg/worldbank/id/resource/CountryName.csv/country_code/AUT,2009,8343323
http://datadock.io/datadocktestorg/worldbank/id/resource/SeriesDefinitions.csv/indicator/SP.POP.TOTL,http://datadock.io/datadocktestorg/worldbank/id/resource/CountryName.csv/country_code/AZE,2009,8947243
http://datadock.io/datadocktestorg/worldbank/id/resource/SeriesDefinitions.csv/indicator/SP.POP.TOTL,http://datadock.io/datadocktestorg/worldbank/id/resource/CountryName.csv/country_code/BHS,2009,354856
http://datadock.io/datadocktestorg/worldbank/id/resource/SeriesDefinitions.csv/indicator/SP.POP.TOTL,http://datadock.io/datadocktestorg/worldbank/id/resource/CountryName.csv/country_code/BHR,2009,1185029
http://datadock.io/datadocktestorg/worldbank/id/resource/SeriesDefinitions.csv/indicator/SP.POP.TOTL,http://datadock.io/datadocktestorg/worldbank/id/resource/CountryName.csv/country_code/BGD,2009,150454708
http://datadock.io/datadocktestorg/worldbank/id/resource/SeriesDefinitions.csv/indicator/SP.POP.TOTL,http://datadock.io/datadocktestorg/worldbank/id/resource/CountryName.csv/country_code/BRB,2009,278470
http://datadock.io/datadocktestorg/worldbank/id/resource/SeriesDefinitions.csv/indicator/SP.POP.TOTL,http://datadock.io/datadocktestorg/worldbank/id/resource/CountryName.csv/country_code/BLR,2009,9506765
http://datadock.io/datadocktestorg/worldbank/id/resource/SeriesDefinitions.csv/indicator/SP.POP.TOTL,http://datadock.io/datadocktestorg/worldbank/id/resource/CountryName.csv/country_code/BEL,2009,10796493
http://datadock.io/datadocktestorg/worldbank/id/resource/SeriesDefinitions.csv/indicator/SP.POP.TOTL,http://datadock.io/datadocktestorg/worldbank/id/resource/CountryName.csv/country_code/BLZ,2009,313929
http://datadock.io/datadocktestorg/worldbank/id/resource/SeriesDefinitions.csv/indicator/SP.POP.TOTL,http://datadock.io/datadocktestorg/worldbank/id/resource/CountryName.csv/country_code/BEN,2009,8944706
http://datadock.io/datadocktestorg/worldbank/id/resource/SeriesDefinitions.csv/indicator/SP.POP.TOTL,http://datadock.io/datadocktestorg/worldbank/id/resource/CountryName.csv/country_code/BMU,2009,65636
http://datadock.io/datadocktestorg/worldbank/id/resource/SeriesDefinitions.csv/indicator/SP.POP.TOTL,http://datadock.io/datadocktestorg/worldbank/id/resource/CountryName.csv/country_code/BTN,2009,714458
http://datadock.io/datadocktestorg/worldbank/id/resource/SeriesDefinitions.csv/indicator/SP.POP.TOTL,http://datadock.io/datadocktestorg/worldbank/id/resource/CountryName.csv/country_code/BOL,2009,9758748
http://datadock.io/datadocktestorg/worldbank/id/resource/SeriesDefinitions.csv/indicator/SP.POP.TOTL,http://datadock.io/datadocktestorg/worldbank/id/resource/CountryName.csv/country_code/BIH,2009,3746561
http://datadock.io/datadocktestorg/worldbank/id/resource/SeriesDefinitions.csv/indicator/SP.POP.TOTL,http://datadock.io/datadocktestorg/worldbank/id/resource/CountryName.csv/country_code/BWA,2009,1979882
http://datadock.io/datadocktestorg/worldbank/id/resource/SeriesDefinitions.csv/indicator/SP.POP.TOTL,http://datadock.io/datadocktestorg/worldbank/id/resource/CountryName.csv/country_code/BRA,2009,194895996
http://datadock.io/datadocktestorg/worldbank/id/resource/SeriesDefinitions.csv/indicator/SP.POP.TOTL,http://datadock.io/datadocktestorg/worldbank/id/resource/CountryName.csv/country_code/VGB,2009,26447
http://datadock.io/datadocktestorg/worldbank/id/resource/SeriesDefinitions.csv/indicator/SP.POP.TOTL,http://datadock.io/datadocktestorg/worldbank/id/resource/CountryName.csv/country_code/BRN,2009,383772
http://datadock.io/datadocktestorg/worldbank/id/resource/SeriesDefinitions.csv/indicator/SP.POP.TOTL,http://datadock.io/datadocktestorg/worldbank/id/resource/CountryName.csv/country_code/BGR,2009,7444443
http://datadock.io/datadocktestorg/worldbank/id/resource/SeriesDefinitions.csv/indicator/SP.POP.TOTL,http://datadock.io/datadocktestorg/worldbank/id/resource/CountryName.csv/country_code/BFA,2009,15141099
http://datadock.io/datadocktestorg/worldbank/id/resource/SeriesDefinitions.csv/indicator/SP.POP.TOTL,http://datadock.io/datadocktestorg/worldbank/id/resource/CountryName.csv/country_code/BDI,2009,8489031
http://datadock.io/datadocktestorg/worldbank/id/resource/SeriesDefinitions.csv/indicator/SP.POP.TOTL,http://datadock.io/datadocktestorg/worldbank/id/resource/CountryName.csv/country_code/CPV,2009,496963
http://datadock.io/datadocktestorg/worldbank/id/resource/SeriesDefinitions.csv/indicator/SP.POP.TOTL,http://datadock.io/datadocktestorg/worldbank/id/resource/CountryName.csv/country_code/KHM,2009,14090208
http://datadock.io/datadocktestorg/worldbank/id/resource/SeriesDefinitions.csv/indicator/SP.POP.TOTL,http://datadock.io/datadocktestorg/worldbank/id/resource/CountryName.csv/country_code/CMR,2009,19432541
http://datadock.io/datadocktestorg/worldbank/id/resource/SeriesDefinitions.csv/indicator/SP.POP.TOTL,http://datadock.io/datadocktestorg/worldbank/id/resource/CountryName.csv/country_code/CAN,2009,33628571
http://datadock.io/datadocktestorg/worldbank/id/resource/SeriesDefinitions.csv/indicator/SP.POP.TOTL,http://datadock.io/datadocktestorg/worldbank/id/resource/CountryName.csv/country_code/CYM,2009,54279
http://datadock.io/datadocktestorg/worldbank/id/resource/SeriesDefinitions.csv/indicator/SP.POP.TOTL,http://datadock.io/datadocktestorg/worldbank/id/resource/CountryName.csv/country_code/CAF,2009,4404230
http://datadock.io/datadocktestorg/worldbank/id/resource/SeriesDefinitions.csv/indicator/SP.POP.TOTL,http://datadock.io/datadocktestorg/worldbank/id/resource/CountryName.csv/country_code/TCD,2009,11502786
http://datadock.io/datadocktestorg/worldbank/id/resource/SeriesDefinitions.csv/indicator/SP.POP.TOTL,http://datadock.io/datadocktestorg/worldbank/id/resource/CountryName.csv/country_code/CHI,2009,158603
http://datadock.io/datadocktestorg/worldbank/id/resource/SeriesDefinitions.csv/indicator/SP.POP.TOTL,http://datadock.io/datadocktestorg/worldbank/id/resource/CountryName.csv/country_code/CHL,2009,16829442
http://datadock.io/datadocktestorg/worldbank/id/resource/SeriesDefinitions.csv/indicator/SP.POP.TOTL,http://datadock.io/datadocktestorg/worldbank/id/resource/CountryName.csv/country_code/CHN,2009,1331260000
http://datadock.io/datadocktestorg/worldbank/id/resource/SeriesDefinitions.csv/indicator/SP.POP.TOTL,http://datadock.io/datadocktestorg/worldbank/id/resource/CountryName.csv/country_code/COL,2009,45416181
http://datadock.io/datadocktestorg/worldbank/id/resource/SeriesDefinitions.csv/indicator/SP.POP.TOTL,http://datadock.io/datadocktestorg/worldbank/id/resource/CountryName.csv/country_code/COM,2009,673252
http://datadock.io/datadocktestorg/worldbank/id/resource/SeriesDefinitions.csv/indicator/SP.POP.TOTL,http://datadock.io/datadocktestorg/worldbank/id/resource/CountryName.csv/country_code/COD,2009,62409435
http://datadock.io/datadocktestorg/worldbank/id/resource/SeriesDefinitions.csv/indicator/SP.POP.TOTL,http://datadock.io/datadocktestorg/worldbank/id/resource/CountryName.csv/country_code/COG,2009,4253712
http://datadock.io/datadocktestorg/worldbank/id/resource/SeriesDefinitions.csv/indicator/SP.POP.TOTL,http://datadock.io/datadocktestorg/worldbank/id/resource/CountryName.csv/country_code/CRI,2009,4488263
http://datadock.io/datadocktestorg/worldbank/id/resource/SeriesDefinitions.csv/indicator/SP.POP.TOTL,http://datadock.io/datadocktestorg/worldbank/id/resource/CountryName.csv/country_code/CIV,2009,19936366
http://datadock.io/datadocktestorg/worldbank/id/resource/SeriesDefinitions.csv/indicator/SP.POP.TOTL,http://datadock.io/datadocktestorg/worldbank/id/resource/CountryName.csv/country_code/HRV,2009,4429078
http://datadock.io/datadocktestorg/worldbank/id/resource/SeriesDefinitions.csv/indicator/SP.POP.TOTL,http://datadock.io/datadocktestorg/worldbank/id/resource/CountryName.csv/country_code/CUB,2009,11318602
http://datadock.io/datadocktestorg/worldbank/id/resource/SeriesDefinitions.csv/indicator/SP.POP.TOTL,http://datadock.io/datadocktestorg/worldbank/id/resource/CountryName.csv/country_code/CUW,2009,146833
http://datadock.io/datadocktestorg/worldbank/id/resource/SeriesDefinitions.csv/indicator/SP.POP.TOTL,http://datadock.io/datadocktestorg/worldbank/id/resource/CountryName.csv/country_code/CYP,2009,1098076
http://datadock.io/datadocktestorg/worldbank/id/resource/SeriesDefinitions.csv/indicator/SP.POP.TOTL,http://datadock.io/datadocktestorg/worldbank/id/resource/CountryName.csv/country_code/CZE,2009,10443936
http://datadock.io/datadocktestorg/worldbank/id/resource/SeriesDefinitions.csv/indicator/SP.POP.TOTL,http://datadock.io/datadocktestorg/worldbank/id/resource/CountryName.csv/country_code/DNK,2009,5523095
http://datadock.io/datadocktestorg/worldbank/id/resource/SeriesDefinitions.csv/indicator/SP.POP.TOTL,http://datadock.io/datadocktestorg/worldbank/id/resource/CountryName.csv/country_code/DJI,2009,836840
http://datadock.io/datadocktestorg/worldbank/id/resource/SeriesDefinitions.csv/indicator/SP.POP.TOTL,http://datadock.io/datadocktestorg/worldbank/id/resource/CountryName.csv/country_code/DMA,2009,71229
http://datadock.io/datadocktestorg/worldbank/id/resource/SeriesDefinitions.csv/indicator/SP.POP.TOTL,http://datadock.io/datadocktestorg/worldbank/id/resource/CountryName.csv/country_code/DOM,2009,9767758
http://datadock.io/datadocktestorg/worldbank/id/resource/SeriesDefinitions.csv/indicator/SP.POP.TOTL,http://datadock.io/datadocktestorg/worldbank/id/resource/CountryName.csv/country_code/ECU,2009,14691275
http://datadock.io/datadocktestorg/worldbank/id/resource/SeriesDefinitions.csv/indicator/SP.POP.TOTL,http://datadock.io/datadocktestorg/worldbank/id/resource/CountryName.csv/country_code/EGY,2009,82465022
http://datadock.io/datadocktestorg/worldbank/id/resource/SeriesDefinitions.csv/indicator/SP.POP.TOTL,http://datadock.io/datadocktestorg/worldbank/id/resource/CountryName.csv/country_code/SLV,2009,6137276
http://datadock.io/datadocktestorg/worldbank/id/resource/SeriesDefinitions.csv/indicator/SP.POP.TOTL,http://datadock.io/datadocktestorg/worldbank/id/resource/CountryName.csv/country_code/GNQ,2009,909111
http://datadock.io/datadocktestorg/worldbank/id/resource/SeriesDefinitions.csv/indicator/SP.POP.TOTL,http://datadock.io/datadocktestorg/worldbank/id/resource/CountryName.csv/country_code/ERI,2009,4310334
http://datadock.io/datadocktestorg/worldbank/id/resource/SeriesDefinitions.csv/indicator/SP.POP.TOTL,http://datadock.io/datadocktestorg/worldbank/id/resource/CountryName.csv/country_code/EST,2009,1334515
http://datadock.io/datadocktestorg/worldbank/id/resource/SeriesDefinitions.csv/indicator/SP.POP.TOTL,http://datadock.io/datadocktestorg/worldbank/id/resource/CountryName.csv/country_code/ETH,2009,85416253
http://datadock.io/datadocktestorg/worldbank/id/resource/SeriesDefinitions.csv/indicator/SP.POP.TOTL,http://datadock.io/datadocktestorg/worldbank/id/resource/CountryName.csv/country_code/FRO,2009,48517
http://datadock.io/datadocktestorg/worldbank/id/resource/SeriesDefinitions.csv/indicator/SP.POP.TOTL,http://datadock.io/datadocktestorg/worldbank/id/resource/CountryName.csv/country_code/FJI,2009,851967
http://datadock.io/datadocktestorg/worldbank/id/resource/SeriesDefinitions.csv/indicator/SP.POP.TOTL,http://datadock.io/datadocktestorg/worldbank/id/resource/CountryName.csv/country_code/FIN,2009,5338871
http://datadock.io/datadocktestorg/worldbank/id/resource/SeriesDefinitions.csv/indicator/SP.POP.TOTL,http://datadock.io/datadocktestorg/worldbank/id/resource/CountryName.csv/country_code/FRA,2009,64707044
http://datadock.io/datadocktestorg/worldbank/id/resource/SeriesDefinitions.csv/indicator/SP.POP.TOTL,http://datadock.io/datadocktestorg/worldbank/id/resource/CountryName.csv/country_code/PYF,2009,265581
http://datadock.io/datadocktestorg/worldbank/id/resource/SeriesDefinitions.csv/indicator/SP.POP.TOTL,http://datadock.io/datadocktestorg/worldbank/id/resource/CountryName.csv/country_code/GAB,2009,1586754
http://datadock.io/datadocktestorg/worldbank/id/resource/SeriesDefinitions.csv/indicator/SP.POP.TOTL,http://datadock.io/datadocktestorg/worldbank/id/resource/CountryName.csv/country_code/GMB,2009,1639560
http://datadock.io/datadocktestorg/worldbank/id/resource/SeriesDefinitions.csv/indicator/SP.POP.TOTL,http://datadock.io/datadocktestorg/worldbank/id/resource/CountryName.csv/country_code/GEO,2009,3978000
http://datadock.io/datadocktestorg/worldbank/id/resource/SeriesDefinitions.csv/indicator/SP.POP.TOTL,http://datadock.io/datadocktestorg/worldbank/id/resource/CountryName.csv/country_code/DEU,2009,81902307
http://datadock.io/datadocktestorg/worldbank/id/resource/SeriesDefinitions.csv/indicator/SP.POP.TOTL,http://datadock.io/datadocktestorg/worldbank/id/resource/CountryName.csv/country_code/GHA,2009,23903831
http://datadock.io/datadocktestorg/worldbank/id/resource/SeriesDefinitions.csv/indicator/SP.POP.TOTL,http://datadock.io/datadocktestorg/worldbank/id/resource/CountryName.csv/country_code/GIB,2009,32956
http://datadock.io/datadocktestorg/worldbank/id/resource/SeriesDefinitions.csv/indicator/SP.POP.TOTL,http://datadock.io/datadocktestorg/worldbank/id/resource/CountryName.csv/country_code/GRC,2009,11107017
http://datadock.io/datadocktestorg/worldbank/id/resource/SeriesDefinitions.csv/indicator/SP.POP.TOTL,http://datadock.io/datadocktestorg/worldbank/id/resource/CountryName.csv/country_code/GRL,2009,56323
http://datadock.io/datadocktestorg/worldbank/id/resource/SeriesDefinitions.csv/indicator/SP.POP.TOTL,http://datadock.io/datadocktestorg/worldbank/id/resource/CountryName.csv/country_code/GRD,2009,104296
http://datadock.io/datadocktestorg/worldbank/id/resource/SeriesDefinitions.csv/indicator/SP.POP.TOTL,http://datadock.io/datadocktestorg/worldbank/id/resource/CountryName.csv/country_code/GUM,2009,159231
http://datadock.io/datadocktestorg/worldbank/id/resource/SeriesDefinitions.csv/indicator/SP.POP.TOTL,http://datadock.io/datadocktestorg/worldbank/id/resource/CountryName.csv/country_code/GTM,2009,14316208
http://datadock.io/datadocktestorg/worldbank/id/resource/SeriesDefinitions.csv/indicator/SP.POP.TOTL,http://datadock.io/datadocktestorg/worldbank/id/resource/CountryName.csv/country_code/GIN,2009,10556524
http://datadock.io/datadocktestorg/worldbank/id/resource/SeriesDefinitions.csv/indicator/SP.POP.TOTL,http://datadock.io/datadocktestorg/worldbank/id/resource/CountryName.csv/country_code/GNB,2009,1517448
http://datadock.io/datadocktestorg/worldbank/id/resource/SeriesDefinitions.csv/indicator/SP.POP.TOTL,http://datadock.io/datadocktestorg/worldbank/id/resource/CountryName.csv/country_code/GUY,2009,745693
http://datadock.io/datadocktestorg/worldbank/id/resource/SeriesDefinitions.csv/indicator/SP.POP.TOTL,http://datadock.io/datadocktestorg/worldbank/id/resource/CountryName.csv/country_code/HTI,2009,9852870
http://datadock.io/datadocktestorg/worldbank/id/resource/SeriesDefinitions.csv/indicator/SP.POP.TOTL,http://datadock.io/datadocktestorg/worldbank/id/resource/CountryName.csv/country_code/HND,2009,8035021
http://datadock.io/datadocktestorg/worldbank/id/resource/SeriesDefinitions.csv/indicator/SP.POP.TOTL,http://datadock.io/datadocktestorg/worldbank/id/resource/CountryName.csv/country_code/HKG,2009,6972800
http://datadock.io/datadocktestorg/worldbank/id/resource/SeriesDefinitions.csv/indicator/SP.POP.TOTL,http://datadock.io/datadocktestorg/worldbank/id/resource/CountryName.csv/country_code/HUN,2009,10022650
http://datadock.io/datadocktestorg/worldbank/id/resource/SeriesDefinitions.csv/indicator/SP.POP.TOTL,http://datadock.io/datadocktestorg/worldbank/id/resource/CountryName.csv/country_code/ISL,2009,318499
http://datadock.io/datadocktestorg/worldbank/id/resource/SeriesDefinitions.csv/indicator/SP.POP.TOTL,http://datadock.io/datadocktestorg/worldbank/id/resource/CountryName.csv/country_code/IND,2009,1214270132
http://datadock.io/datadocktestorg/worldbank/id/resource/SeriesDefinitions.csv/indicator/SP.POP.TOTL,http://datadock.io/datadocktestorg/worldbank/id/resource/CountryName.csv/country_code/IDN,2009,239340478
http://datadock.io/datadocktestorg/worldbank/id/resource/SeriesDefinitions.csv/indicator/SP.POP.TOTL,http://datadock.io/datadocktestorg/worldbank/id/resource/CountryName.csv/country_code/IRN,2009,73687565
http://datadock.io/datadocktestorg/worldbank/id/resource/SeriesDefinitions.csv/indicator/SP.POP.TOTL,http://datadock.io/datadocktestorg/worldbank/id/resource/CountryName.csv/country_code/IRQ,2009,29894652
http://datadock.io/datadocktestorg/worldbank/id/resource/SeriesDefinitions.csv/indicator/SP.POP.TOTL,http://datadock.io/datadocktestorg/worldbank/id/resource/CountryName.csv/country_code/IRL,2009,4535375
http://datadock.io/datadocktestorg/worldbank/id/resource/SeriesDefinitions.csv/indicator/SP.POP.TOTL,http://datadock.io/datadocktestorg/worldbank/id/resource/CountryName.csv/country_code/IMN,2009,79325
http://datadock.io/datadocktestorg/worldbank/id/resource/SeriesDefinitions.csv/indicator/SP.POP.TOTL,http://datadock.io/datadocktestorg/worldbank/id/resource/CountryName.csv/country_code/ISR,2009,7485600
http://datadock.io/datadocktestorg/worldbank/id/resource/SeriesDefinitions.csv/indicator/SP.POP.TOTL,http://datadock.io/datadocktestorg/worldbank/id/resource/CountryName.csv/country_code/ITA,2009,59095365
http://datadock.io/datadocktestorg/worldbank/id/resource/SeriesDefinitions.csv/indicator/SP.POP.TOTL,http://datadock.io/datadocktestorg/worldbank/id/resource/CountryName.csv/country_code/JAM,2009,2804082
http://datadock.io/datadocktestorg/worldbank/id/resource/SeriesDefinitions.csv/indicator/SP.POP.TOTL,http://datadock.io/datadocktestorg/worldbank/id/resource/CountryName.csv/country_code/JPN,2009,128047000
http://datadock.io/datadocktestorg/worldbank/id/resource/SeriesDefinitions.csv/indicator/SP.POP.TOTL,http://datadock.io/datadocktestorg/worldbank/id/resource/CountryName.csv/country_code/JOR,2009,6821116
http://datadock.io/datadocktestorg/worldbank/id/resource/SeriesDefinitions.csv/indicator/SP.POP.TOTL,http://datadock.io/datadocktestorg/worldbank/id/resource/CountryName.csv/country_code/KAZ,2009,16092701
http://datadock.io/datadocktestorg/worldbank/id/resource/SeriesDefinitions.csv/indicator/SP.POP.TOTL,http://datadock.io/datadocktestorg/worldbank/id/resource/CountryName.csv/country_code/KEN,2009,40237204
http://datadock.io/datadocktestorg/worldbank/id/resource/SeriesDefinitions.csv/indicator/SP.POP.TOTL,http://datadock.io/datadocktestorg/worldbank/id/resource/CountryName.csv/country_code/KIR,2009,100568
http://datadock.io/datadocktestorg/worldbank/id/resource/SeriesDefinitions.csv/indicator/SP.POP.TOTL,http://datadock.io/datadocktestorg/worldbank/id/resource/CountryName.csv/country_code/PRK,2009,24463021
http://datadock.io/datadocktestorg/worldbank/id/resource/SeriesDefinitions.csv/indicator/SP.POP.TOTL,http://datadock.io/datadocktestorg/worldbank/id/resource/CountryName.csv/country_code/KOR,2009,49307835
http://datadock.io/datadocktestorg/worldbank/id/resource/SeriesDefinitions.csv/indicator/SP.POP.TOTL,http://datadock.io/datadocktestorg/worldbank/id/resource/CountryName.csv/country_code/XKX,2009,1761474
http://datadock.io/datadocktestorg/worldbank/id/resource/SeriesDefinitions.csv/indicator/SP.POP.TOTL,http://datadock.io/datadocktestorg/worldbank/id/resource/CountryName.csv/country_code/KWT,2009,2818939
http://datadock.io/datadocktestorg/worldbank/id/resource/SeriesDefinitions.csv/indicator/SP.POP.TOTL,http://datadock.io/datadocktestorg/worldbank/id/resource/CountryName.csv/country_code/KGZ,2009,5383300
http://datadock.io/datadocktestorg/worldbank/id/resource/SeriesDefinitions.csv/indicator/SP.POP.TOTL,http://datadock.io/datadocktestorg/worldbank/id/resource/CountryName.csv/country_code/LAO,2009,6152036
http://datadock.io/datadocktestorg/worldbank/id/resource/SeriesDefinitions.csv/indicator/SP.POP.TOTL,http://datadock.io/datadocktestorg/worldbank/id/resource/CountryName.csv/country_code/LVA,2009,2141669
http://datadock.io/datadocktestorg/worldbank/id/resource/SeriesDefinitions.csv/indicator/SP.POP.TOTL,http://datadock.io/datadocktestorg/worldbank/id/resource/CountryName.csv/country_code/LBN,2009,4183156
http://datadock.io/datadocktestorg/worldbank/id/resource/SeriesDefinitions.csv/indicator/SP.POP.TOTL,http://datadock.io/datadocktestorg/worldbank/id/resource/CountryName.csv/country_code/LSO,2009,2019209
http://datadock.io/datadocktestorg/worldbank/id/resource/SeriesDefinitions.csv/indicator/SP.POP.TOTL,http://datadock.io/datadocktestorg/worldbank/id/resource/CountryName.csv/country_code/LBR,2009,3811528
http://datadock.io/datadocktestorg/worldbank/id/resource/SeriesDefinitions.csv/indicator/SP.POP.TOTL,http://datadock.io/datadocktestorg/worldbank/id/resource/CountryName.csv/country_code/LBY,2009,6121053
http://datadock.io/datadocktestorg/worldbank/id/resource/SeriesDefinitions.csv/indicator/SP.POP.TOTL,http://datadock.io/datadocktestorg/worldbank/id/resource/CountryName.csv/country_code/LIE,2009,35766
http://datadock.io/datadocktestorg/worldbank/id/resource/SeriesDefinitions.csv/indicator/SP.POP.TOTL,http://datadock.io/datadocktestorg/worldbank/id/resource/CountryName.csv/country_code/LTU,2009,3162916
http://datadock.io/datadocktestorg/worldbank/id/resource/SeriesDefinitions.csv/indicator/SP.POP.TOTL,http://datadock.io/datadocktestorg/worldbank/id/resource/CountryName.csv/country_code/LUX,2009,497783
http://datadock.io/datadocktestorg/worldbank/id/resource/SeriesDefinitions.csv/indicator/SP.POP.TOTL,http://datadock.io/datadocktestorg/worldbank/id/resource/CountryName.csv/country_code/MAC,2009,525313
http://datadock.io/datadocktestorg/worldbank/id/resource/SeriesDefinitions.csv/indicator/SP.POP.TOTL,http://datadock.io/datadocktestorg/worldbank/id/resource/CountryName.csv/country_code/MKD,2009,2069093
http://datadock.io/datadocktestorg/worldbank/id/resource/SeriesDefinitions.csv/indicator/SP.POP.TOTL,http://datadock.io/datadocktestorg/worldbank/id/resource/CountryName.csv/country_code/MDG,2009,20569121
http://datadock.io/datadocktestorg/worldbank/id/resource/SeriesDefinitions.csv/indicator/SP.POP.TOTL,http://datadock.io/datadocktestorg/worldbank/id/resource/CountryName.csv/country_code/MWI,2009,14714602
http://datadock.io/datadocktestorg/worldbank/id/resource/SeriesDefinitions.csv/indicator/SP.POP.TOTL,http://datadock.io/datadocktestorg/worldbank/id/resource/CountryName.csv/country_code/MYS,2009,27605383
http://datadock.io/datadocktestorg/worldbank/id/resource/SeriesDefinitions.csv/indicator/SP.POP.TOTL,http://datadock.io/datadocktestorg/worldbank/id/resource/CountryName.csv/country_code/MDV,2009,360000
http://datadock.io/datadocktestorg/worldbank/id/resource/SeriesDefinitions.csv/indicator/SP.POP.TOTL,http://datadock.io/datadocktestorg/worldbank/id/resource/CountryName.csv/country_code/MLI,2009,14606597
http://datadock.io/datadocktestorg/worldbank/id/resource/SeriesDefinitions.csv/indicator/SP.POP.TOTL,http://datadock.io/datadocktestorg/worldbank/id/resource/CountryName.csv/country_code/MLT,2009,412477
http://datadock.io/datadocktestorg/worldbank/id/resource/SeriesDefinitions.csv/indicator/SP.POP.TOTL,http://datadock.io/datadocktestorg/worldbank/id/resource/CountryName.csv/country_code/MHL,2009,52320
http://datadock.io/datadocktestorg/worldbank/id/resource/SeriesDefinitions.csv/indicator/SP.POP.TOTL,http://datadock.io/datadocktestorg/worldbank/id/resource/CountryName.csv/country_code/MRT,2009,3506288
http://datadock.io/datadocktestorg/worldbank/id/resource/SeriesDefinitions.csv/indicator/SP.POP.TOTL,http://datadock.io/datadocktestorg/worldbank/id/resource/CountryName.csv/country_code/MUS,2009,1247429
http://datadock.io/datadocktestorg/worldbank/id/resource/SeriesDefinitions.csv/indicator/SP.POP.TOTL,http://datadock.io/datadocktestorg/worldbank/id/resource/CountryName.csv/country_code/MEX,2009,115505228
http://datadock.io/datadocktestorg/worldbank/id/resource/SeriesDefinitions.csv/indicator/SP.POP.TOTL,http://datadock.io/datadocktestorg/worldbank/id/resource/CountryName.csv/country_code/FSM,2009,103960
http://datadock.io/datadocktestorg/worldbank/id/resource/SeriesDefinitions.csv/indicator/SP.POP.TOTL,http://datadock.io/datadocktestorg/worldbank/id/resource/CountryName.csv/country_code/MDA,2009,3565604
http://datadock.io/datadocktestorg/worldbank/id/resource/SeriesDefinitions.csv/indicator/SP.POP.TOTL,http://datadock.io/datadocktestorg/worldbank/id/resource/CountryName.csv/country_code/MCO,2009,36534
http://datadock.io/datadocktestorg/worldbank/id/resource/SeriesDefinitions.csv/indicator/SP.POP.TOTL,http://datadock.io/datadocktestorg/worldbank/id/resource/CountryName.csv/country_code/MNG,2009,2668289
http://datadock.io/datadocktestorg/worldbank/id/resource/SeriesDefinitions.csv/indicator/SP.POP.TOTL,http://datadock.io/datadocktestorg/worldbank/id/resource/CountryName.csv/country_code/MNE,2009,618294
http://datadock.io/datadocktestorg/worldbank/id/resource/SeriesDefinitions.csv/indicator/SP.POP.TOTL,http://datadock.io/datadocktestorg/worldbank/id/resource/CountryName.csv/country_code/MAR,2009,31989897
http://datadock.io/datadocktestorg/worldbank/id/resource/SeriesDefinitions.csv/indicator/SP.POP.TOTL,http://datadock.io/datadocktestorg/worldbank/id/resource/CountryName.csv/country_code/MOZ,2009,23524063
http://datadock.io/datadocktestorg/worldbank/id/resource/SeriesDefinitions.csv/indicator/SP.POP.TOTL,http://datadock.io/datadocktestorg/worldbank/id/resource/CountryName.csv/country_code/MMR,2009,49800690
http://datadock.io/datadocktestorg/worldbank/id/resource/SeriesDefinitions.csv/indicator/SP.POP.TOTL,http://datadock.io/datadocktestorg/worldbank/id/resource/CountryName.csv/country_code/NAM,2009,2137040
http://datadock.io/datadocktestorg/worldbank/id/resource/SeriesDefinitions.csv/indicator/SP.POP.TOTL,http://datadock.io/datadocktestorg/worldbank/id/resource/CountryName.csv/country_code/NRU,2009,10028
http://datadock.io/datadocktestorg/worldbank/id/resource/SeriesDefinitions.csv/indicator/SP.POP.TOTL,http://datadock.io/datadocktestorg/worldbank/id/resource/CountryName.csv/country_code/NPL,2009,26741103
http://datadock.io/datadocktestorg/worldbank/id/resource/SeriesDefinitions.csv/indicator/SP.POP.TOTL,http://datadock.io/datadocktestorg/worldbank/id/resource/CountryName.csv/country_code/NLD,2009,16530388
http://datadock.io/datadocktestorg/worldbank/id/resource/SeriesDefinitions.csv/indicator/SP.POP.TOTL,http://datadock.io/datadocktestorg/worldbank/id/resource/CountryName.csv/country_code/NCL,2009,245000
http://datadock.io/datadocktestorg/worldbank/id/resource/SeriesDefinitions.csv/indicator/SP.POP.TOTL,http://datadock.io/datadocktestorg/worldbank/id/resource/CountryName.csv/country_code/NZL,2009,4302600
http://datadock.io/datadocktestorg/worldbank/id/resource/SeriesDefinitions.csv/indicator/SP.POP.TOTL,http://datadock.io/datadocktestorg/worldbank/id/resource/CountryName.csv/country_code/NIC,2009,5666581
http://datadock.io/datadocktestorg/worldbank/id/resource/SeriesDefinitions.csv/indicator/SP.POP.TOTL,http://datadock.io/datadocktestorg/worldbank/id/resource/CountryName.csv/country_code/NER,2009,15813913
http://datadock.io/datadocktestorg/worldbank/id/resource/SeriesDefinitions.csv/indicator/SP.POP.TOTL,http://datadock.io/datadocktestorg/worldbank/id/resource/CountryName.csv/country_code/NGA,2009,154402181
http://datadock.io/datadocktestorg/worldbank/id/resource/SeriesDefinitions.csv/indicator/SP.POP.TOTL,http://datadock.io/datadocktestorg/worldbank/id/resource/CountryName.csv/country_code/MNP,2009,55674
http://datadock.io/datadocktestorg/worldbank/id/resource/SeriesDefinitions.csv/indicator/SP.POP.TOTL,http://datadock.io/datadocktestorg/worldbank/id/resource/CountryName.csv/country_code/NOR,2009,4828726
http://datadock.io/datadocktestorg/worldbank/id/resource/SeriesDefinitions.csv/indicator/SP.POP.TOTL,http://datadock.io/datadocktestorg/worldbank/id/resource/CountryName.csv/country_code/OMN,2009,2882942
http://datadock.io/datadocktestorg/worldbank/id/resource/SeriesDefinitions.csv/indicator/SP.POP.TOTL,http://datadock.io/datadocktestorg/worldbank/id/resource/CountryName.csv/country_code/PAK,2009,167049580
http://datadock.io/datadocktestorg/worldbank/id/resource/SeriesDefinitions.csv/indicator/SP.POP.TOTL,http://datadock.io/datadocktestorg/worldbank/id/resource/CountryName.csv/country_code/PLW,2009,20342
http://datadock.io/datadocktestorg/worldbank/id/resource/SeriesDefinitions.csv/indicator/SP.POP.TOTL,http://datadock.io/datadocktestorg/worldbank/id/resource/CountryName.csv/country_code/PAN,2009,3579385
http://datadock.io/datadocktestorg/worldbank/id/resource/SeriesDefinitions.csv/indicator/SP.POP.TOTL,http://datadock.io/datadocktestorg/worldbank/id/resource/CountryName.csv/country_code/PNG,2009,6947447
http://datadock.io/datadocktestorg/worldbank/id/resource/SeriesDefinitions.csv/indicator/SP.POP.TOTL,http://datadock.io/datadocktestorg/worldbank/id/resource/CountryName.csv/country_code/PRY,2009,6127837
http://datadock.io/datadocktestorg/worldbank/id/resource/SeriesDefinitions.csv/indicator/SP.POP.TOTL,http://datadock.io/datadocktestorg/worldbank/id/resource/CountryName.csv/country_code/PER,2009,29001507
http://datadock.io/datadocktestorg/worldbank/id/resource/SeriesDefinitions.csv/indicator/SP.POP.TOTL,http://datadock.io/datadocktestorg/worldbank/id/resource/CountryName.csv/country_code/PHL,2009,92220879
http://datadock.io/datadocktestorg/worldbank/id/resource/SeriesDefinitions.csv/indicator/SP.POP.TOTL,http://datadock.io/datadocktestorg/worldbank/id/resource/CountryName.csv/country_code/POL,2009,38151603
http://datadock.io/datadocktestorg/worldbank/id/resource/SeriesDefinitions.csv/indicator/SP.POP.TOTL,http://datadock.io/datadocktestorg/worldbank/id/resource/CountryName.csv/country_code/PRT,2009,10568247
http://datadock.io/datadocktestorg/worldbank/id/resource/SeriesDefinitions.csv/indicator/SP.POP.TOTL,http://datadock.io/datadocktestorg/worldbank/id/resource/CountryName.csv/country_code/PRI,2009,3740410
http://datadock.io/datadocktestorg/worldbank/id/resource/SeriesDefinitions.csv/indicator/SP.POP.TOTL,http://datadock.io/datadocktestorg/worldbank/id/resource/CountryName.csv/country_code/QAT,2009,1590780
http://datadock.io/datadocktestorg/worldbank/id/resource/SeriesDefinitions.csv/indicator/SP.POP.TOTL,http://datadock.io/datadocktestorg/worldbank/id/resource/CountryName.csv/country_code/ROU,2009,20367487
http://datadock.io/datadocktestorg/worldbank/id/resource/SeriesDefinitions.csv/indicator/SP.POP.TOTL,http://datadock.io/datadocktestorg/worldbank/id/resource/CountryName.csv/country_code/RUS,2009,142785342
http://datadock.io/datadocktestorg/worldbank/id/resource/SeriesDefinitions.csv/indicator/SP.POP.TOTL,http://datadock.io/datadocktestorg/worldbank/id/resource/CountryName.csv/country_code/RWA,2009,9977446
http://datadock.io/datadocktestorg/worldbank/id/resource/SeriesDefinitions.csv/indicator/SP.POP.TOTL,http://datadock.io/datadocktestorg/worldbank/id/resource/CountryName.csv/country_code/WSM,2009,184826
http://datadock.io/datadocktestorg/worldbank/id/resource/SeriesDefinitions.csv/indicator/SP.POP.TOTL,http://datadock.io/datadocktestorg/worldbank/id/resource/CountryName.csv/country_code/SMR,2009,30723
http://datadock.io/datadocktestorg/worldbank/id/resource/SeriesDefinitions.csv/indicator/SP.POP.TOTL,http://datadock.io/datadocktestorg/worldbank/id/resource/CountryName.csv/country_code/STP,2009,170813
http://datadock.io/datadocktestorg/worldbank/id/resource/SeriesDefinitions.csv/indicator/SP.POP.TOTL,http://datadock.io/datadocktestorg/worldbank/id/resource/CountryName.csv/country_code/SAU,2009,26661492
http://datadock.io/datadocktestorg/worldbank/id/resource/SeriesDefinitions.csv/indicator/SP.POP.TOTL,http://datadock.io/datadocktestorg/worldbank/id/resource/CountryName.csv/country_code/SEN,2009,12550917
http://datadock.io/datadocktestorg/worldbank/id/resource/SeriesDefinitions.csv/indicator/SP.POP.TOTL,http://datadock.io/datadocktestorg/worldbank/id/resource/CountryName.csv/country_code/SRB,2009,7320807
http://datadock.io/datadocktestorg/worldbank/id/resource/SeriesDefinitions.csv/indicator/SP.POP.TOTL,http://datadock.io/datadocktestorg/worldbank/id/resource/CountryName.csv/country_code/SYC,2009,87298
http://datadock.io/datadocktestorg/worldbank/id/resource/SeriesDefinitions.csv/indicator/SP.POP.TOTL,http://datadock.io/datadocktestorg/worldbank/id/resource/CountryName.csv/country_code/SLE,2009,6310260
http://datadock.io/datadocktestorg/worldbank/id/resource/SeriesDefinitions.csv/indicator/SP.POP.TOTL,http://datadock.io/datadocktestorg/worldbank/id/resource/CountryName.csv/country_code/SGP,2009,4987573
http://datadock.io/datadocktestorg/worldbank/id/resource/SeriesDefinitions.csv/indicator/SP.POP.TOTL,http://datadock.io/datadocktestorg/worldbank/id/resource/CountryName.csv/country_code/SXM,2009,39133
http://datadock.io/datadocktestorg/worldbank/id/resource/SeriesDefinitions.csv/indicator/SP.POP.TOTL,http://datadock.io/datadocktestorg/worldbank/id/resource/CountryName.csv/country_code/SVK,2009,5386406
http://datadock.io/datadocktestorg/worldbank/id/resource/SeriesDefinitions.csv/indicator/SP.POP.TOTL,http://datadock.io/datadocktestorg/worldbank/id/resource/CountryName.csv/country_code/SVN,2009,2039669
http://datadock.io/datadocktestorg/worldbank/id/resource/SeriesDefinitions.csv/indicator/SP.POP.TOTL,http://datadock.io/datadocktestorg/worldbank/id/resource/CountryName.csv/country_code/SLB,2009,516079
http://datadock.io/datadocktestorg/worldbank/id/resource/SeriesDefinitions.csv/indicator/SP.POP.TOTL,http://datadock.io/datadocktestorg/worldbank/id/resource/CountryName.csv/country_code/SOM,2009,11707990
http://datadock.io/datadocktestorg/worldbank/id/resource/SeriesDefinitions.csv/indicator/SP.POP.TOTL,http://datadock.io/datadocktestorg/worldbank/id/resource/CountryName.csv/country_code/ZAF,2009,50255813.1102008
http://datadock.io/datadocktestorg/worldbank/id/resource/SeriesDefinitions.csv/indicator/SP.POP.TOTL,http://datadock.io/datadocktestorg/worldbank/id/resource/CountryName.csv/country_code/SSD,2009,9670667
http://datadock.io/datadocktestorg/worldbank/id/resource/SeriesDefinitions.csv/indicator/SP.POP.TOTL,http://datadock.io/datadocktestorg/worldbank/id/resource/CountryName.csv/country_code/ESP,2009,46362946
http://datadock.io/datadocktestorg/worldbank/id/resource/SeriesDefinitions.csv/indicator/SP.POP.TOTL,http://datadock.io/datadocktestorg/worldbank/id/resource/CountryName.csv/country_code/LKA,2009,19968000
http://datadock.io/datadocktestorg/worldbank/id/resource/SeriesDefinitions.csv/indicator/SP.POP.TOTL,http://datadock.io/datadocktestorg/worldbank/id/resource/CountryName.csv/country_code/KNA,2009,50886
http://datadock.io/datadocktestorg/worldbank/id/resource/SeriesDefinitions.csv/indicator/SP.POP.TOTL,http://datadock.io/datadocktestorg/worldbank/id/resource/CountryName.csv/country_code/LCA,2009,171022
http://datadock.io/datadocktestorg/worldbank/id/resource/SeriesDefinitions.csv/indicator/SP.POP.TOTL,http://datadock.io/datadocktestorg/worldbank/id/resource/CountryName.csv/country_code/MAF,2009,29820
http://datadock.io/datadocktestorg/worldbank/id/resource/SeriesDefinitions.csv/indicator/SP.POP.TOTL,http://datadock.io/datadocktestorg/worldbank/id/resource/CountryName.csv/country_code/VCT,2009,109253
http://datadock.io/datadocktestorg/worldbank/id/resource/SeriesDefinitions.csv/indicator/SP.POP.TOTL,http://datadock.io/datadocktestorg/worldbank/id/resource/CountryName.csv/country_code/SDN,2009,33650619
http://datadock.io/datadocktestorg/worldbank/id/resource/SeriesDefinitions.csv/indicator/SP.POP.TOTL,http://datadock.io/datadocktestorg/worldbank/id/resource/CountryName.csv/country_code/SUR,2009,520619
http://datadock.io/datadocktestorg/worldbank/id/resource/SeriesDefinitions.csv/indicator/SP.POP.TOTL,http://datadock.io/datadocktestorg/worldbank/id/resource/CountryName.csv/country_code/SWZ,2009,1180675
http://datadock.io/datadocktestorg/worldbank/id/resource/SeriesDefinitions.csv/indicator/SP.POP.TOTL,http://datadock.io/datadocktestorg/worldbank/id/resource/CountryName.csv/country_code/SWE,2009,9298515
http://datadock.io/datadocktestorg/worldbank/id/resource/SeriesDefinitions.csv/indicator/SP.POP.TOTL,http://datadock.io/datadocktestorg/worldbank/id/resource/CountryName.csv/country_code/CHE,2009,7743831
http://datadock.io/datadocktestorg/worldbank/id/resource/SeriesDefinitions.csv/indicator/SP.POP.TOTL,http://datadock.io/datadocktestorg/worldbank/id/resource/CountryName.csv/country_code/SYR,2009,20824893
http://datadock.io/datadocktestorg/worldbank/id/resource/SeriesDefinitions.csv/indicator/SP.POP.TOTL,http://datadock.io/datadocktestorg/worldbank/id/resource/CountryName.csv/country_code/TJK,2009,7472819
http://datadock.io/datadocktestorg/worldbank/id/resource/SeriesDefinitions.csv/indicator/SP.POP.TOTL,http://datadock.io/datadocktestorg/worldbank/id/resource/CountryName.csv/country_code/TZA,2009,44664231
http://datadock.io/datadocktestorg/worldbank/id/resource/SeriesDefinitions.csv/indicator/SP.POP.TOTL,http://datadock.io/datadocktestorg/worldbank/id/resource/CountryName.csv/country_code/THA,2009,66881867
http://datadock.io/datadocktestorg/worldbank/id/resource/SeriesDefinitions.csv/indicator/SP.POP.TOTL,http://datadock.io/datadocktestorg/worldbank/id/resource/CountryName.csv/country_code/TLS,2009,1092021
http://datadock.io/datadocktestorg/worldbank/id/resource/SeriesDefinitions.csv/indicator/SP.POP.TOTL,http://datadock.io/datadocktestorg/worldbank/id/resource/CountryName.csv/country_code/TGO,2009,6330472
http://datadock.io/datadocktestorg/worldbank/id/resource/SeriesDefinitions.csv/indicator/SP.POP.TOTL,http://datadock.io/datadocktestorg/worldbank/id/resource/CountryName.csv/country_code/TON,2009,103604
http://datadock.io/datadocktestorg/worldbank/id/resource/SeriesDefinitions.csv/indicator/SP.POP.TOTL,http://datadock.io/datadocktestorg/worldbank/id/resource/CountryName.csv/country_code/TTO,2009,1321618
http://datadock.io/datadocktestorg/worldbank/id/resource/SeriesDefinitions.csv/indicator/SP.POP.TOTL,http://datadock.io/datadocktestorg/worldbank/id/resource/CountryName.csv/country_code/TUN,2009,10521834
http://datadock.io/datadocktestorg/worldbank/id/resource/SeriesDefinitions.csv/indicator/SP.POP.TOTL,http://datadock.io/datadocktestorg/worldbank/id/resource/CountryName.csv/country_code/TUR,2009,71339185
http://datadock.io/datadocktestorg/worldbank/id/resource/SeriesDefinitions.csv/indicator/SP.POP.TOTL,http://datadock.io/datadocktestorg/worldbank/id/resource/CountryName.csv/country_code/TKM,2009,5007950
http://datadock.io/datadocktestorg/worldbank/id/resource/SeriesDefinitions.csv/indicator/SP.POP.TOTL,http://datadock.io/datadocktestorg/worldbank/id/resource/CountryName.csv/country_code/TCA,2009,30245
http://datadock.io/datadocktestorg/worldbank/id/resource/SeriesDefinitions.csv/indicator/SP.POP.TOTL,http://datadock.io/datadocktestorg/worldbank/id/resource/CountryName.csv/country_code/TUV,2009,10441
http://datadock.io/datadocktestorg/worldbank/id/resource/SeriesDefinitions.csv/indicator/SP.POP.TOTL,http://datadock.io/datadocktestorg/worldbank/id/resource/CountryName.csv/country_code/UGA,2009,32771895
http://datadock.io/datadocktestorg/worldbank/id/resource/SeriesDefinitions.csv/indicator/SP.POP.TOTL,http://datadock.io/datadocktestorg/worldbank/id/resource/CountryName.csv/country_code/UKR,2009,46053300
http://datadock.io/datadocktestorg/worldbank/id/resource/SeriesDefinitions.csv/indicator/SP.POP.TOTL,http://datadock.io/datadocktestorg/worldbank/id/resource/CountryName.csv/country_code/ARE,2009,7666393
http://datadock.io/datadocktestorg/worldbank/id/resource/SeriesDefinitions.csv/indicator/SP.POP.TOTL,http://datadock.io/datadocktestorg/worldbank/id/resource/CountryName.csv/country_code/GBR,2009,62276270
http://datadock.io/datadocktestorg/worldbank/id/resource/SeriesDefinitions.csv/indicator/SP.POP.TOTL,http://datadock.io/datadocktestorg/worldbank/id/resource/CountryName.csv/country_code/USA,2009,306771529
http://datadock.io/datadocktestorg/worldbank/id/resource/SeriesDefinitions.csv/indicator/SP.POP.TOTL,http://datadock.io/datadocktestorg/worldbank/id/resource/CountryName.csv/country_code/URY,2009,3362755
http://datadock.io/datadocktestorg/worldbank/id/resource/SeriesDefinitions.csv/indicator/SP.POP.TOTL,http://datadock.io/datadocktestorg/worldbank/id/resource/CountryName.csv/country_code/UZB,2009,27767400
http://datadock.io/datadocktestorg/worldbank/id/resource/SeriesDefinitions.csv/indicator/SP.POP.TOTL,http://datadock.io/datadocktestorg/worldbank/id/resource/CountryName.csv/country_code/VUT,2009,230785
http://datadock.io/datadocktestorg/worldbank/id/resource/SeriesDefinitions.csv/indicator/SP.POP.TOTL,http://datadock.io/datadocktestorg/worldbank/id/resource/CountryName.csv/country_code/VEN,2009,28587323
http://datadock.io/datadocktestorg/worldbank/id/resource/SeriesDefinitions.csv/indicator/SP.POP.TOTL,http://datadock.io/datadocktestorg/worldbank/id/resource/CountryName.csv/country_code/VNM,2009,86025000
http://datadock.io/datadocktestorg/worldbank/id/resource/SeriesDefinitions.csv/indicator/SP.POP.TOTL,http://datadock.io/datadocktestorg/worldbank/id/resource/CountryName.csv/country_code/VIR,2009,106707
http://datadock.io/datadocktestorg/worldbank/id/resource/SeriesDefinitions.csv/indicator/SP.POP.TOTL,http://datadock.io/datadocktestorg/worldbank/id/resource/CountryName.csv/country_code/PSE,2009,3702218
http://datadock.io/datadocktestorg/worldbank/id/resource/SeriesDefinitions.csv/indicator/SP.POP.TOTL,http://datadock.io/datadocktestorg/worldbank/id/resource/CountryName.csv/country_code/YEM,2009,22974929
http://datadock.io/datadocktestorg/worldbank/id/resource/SeriesDefinitions.csv/indicator/SP.POP.TOTL,http://datadock.io/datadocktestorg/worldbank/id/resource/CountryName.csv/country_code/ZMB,2009,13456417
http://datadock.io/datadocktestorg/worldbank/id/resource/SeriesDefinitions.csv/indicator/SP.POP.TOTL,http://datadock.io/datadocktestorg/worldbank/id/resource/CountryName.csv/country_code/ZWE,2009,13810599
